training_id,module,topic,objective,content,role_access,ai_use_case,do_say,avoid_saying,source_url,approval_status
DT001,Company Orientation,What Dayjoy is,Help new distributors explain Dayjoy correctly.,"Dayjoy should be explained as a direct-selling wellness and lifestyle company focused on quality lifestyle products across health, beauty, wellness and household needs. Keep the explanation simple and factual.","distributor,employee,admin",Answer: What is Dayjoy? / How should I introduce Dayjoy?,Dayjoy is a wellness and lifestyle direct-selling company with multiple product categories.,Do not present Dayjoy as a medical company or promise guaranteed income.,https://www.dayjoy.in/about-direct-selling-company,public_data_needs_company_verification
DT002,Product Category Training,Know the product categories,Help distributors guide customers to the correct category before recommending a product.,"First understand the customer's need, then map it to a category such as health care, personal care, home care, food products, agriculture and veterinary, skin care, clothing, or Dayjoy essentials.","distributor,employee,admin",Answer category-based queries and route users to relevant product groups.,"Let me first understand your need, then I can suggest a relevant Dayjoy category.",Do not randomly suggest products without understanding the customer's need.,https://www.dayjoy.in/Downloads,public_data_needs_company_verification
DT003,Brand Knowledge,Dayjoy sub-brands,Teach distributors to recognize key Dayjoy sub-brands.,"Dayjoy publicly mentions sub-brands/products such as Asthprash, Curind, Wildmuse, Yumdum, Aayushmaan, Happy Grow, Domatti and Homeshine. Use these names only with approved product details.","distributor,employee,admin",Answer: What are Dayjoy brands?,"Dayjoy has several product lines including Asthprash, Curind, Wildmuse, Yumdum, Aayushmaan, Happy Grow, Domatti and Homeshine.",Do not invent new brands or product lines.,https://www.dayjoy.in/about-direct-selling-company,public_data_needs_company_verification
DT004,Ethical Selling,Understand customer needs first,Avoid pushy selling and improve trust.,"Before suggesting a product, ask about the customer's need, category interest, age group if relevant, and whether they need general wellness, beauty, home care, food, or agriculture support. Keep it conversational and respectful.","distributor,employee,admin",Generate ethical conversation flow for distributors.,Can you tell me your main requirement so I can guide you to the correct Dayjoy category?,Do not pressure customers or make urgent buying claims.,https://www.dayjoy.in/Blog/BlogDetails/7-Tips-to-Overcome-Fears-about-Marketing-and-sharing-your-direct-sales-business-with-others/85,mentor_created_from_public_training_theme
DT005,Fear Handling,Overcoming fear of marketing,Help distributors become confident without becoming aggressive.,"New distributors may fear rejection or being seen as pushy. The professional method is to understand the source of fear, build product knowledge, speak with enthusiasm, and focus on helping instead of forcing a sale.","distributor,admin",Answer: I am afraid to talk to customers. What should I do?,"Start with people who trust you, ask questions, and focus on helping them understand the product.",Do not tell distributors to spam or pressure people.,https://www.dayjoy.in/Blog/BlogDetails/7-Tips-to-Overcome-Fears-about-Marketing-and-sharing-your-direct-sales-business-with-others/85,public_data_needs_company_verification
DT006,Compliance,No recruitment-only income claims,Keep distributor communication compliant and safe.,"Business explanations should not promise income only from recruitment. Focus on product sales, customer building, ethical business activity, and official company compensation information only.","distributor,employee,admin",Block unsafe business income claims.,"Income depends on product sales, effort, compliance, customer building and official company plan rules.",Do not say income is guaranteed or recruitment alone creates income.,https://www.dayjoy.in/landingpage/index.html,public_data_needs_company_verification
DT007,Compliance,No guaranteed income promise,Prevent legal and trust risks.,"Never promise a fixed monthly income, guaranteed rank, guaranteed promotion, or guaranteed financial result. Use careful wording: results vary and depend on effort, skill, customer base, product sales, and official plan conditions.","distributor,employee,admin",Answer income questions safely.,Results vary and should be understood from official Dayjoy plan documents.,You will definitely earn ₹X per month.,https://www.dayjoy.in/landingpage/index.html,public_data_needs_company_verification
DT008,Compliance,Buy-back and disclosures,Teach distributors to mention policies only from official sources.,"If asked about buy-back, income disclosure, compliance training, or direct selling rules, answer only from official Dayjoy documents and recommend checking the latest official company material.","distributor,employee,admin",Answer policy questions with source-aware caution.,Please refer to the official Dayjoy policy document for the latest details.,Do not invent exact policy terms if not present in the knowledge base.,https://www.dayjoy.in/landingpage/index.html,public_data_needs_company_verification
DT009,Product Communication,No medical treatment claims,Keep health product explanation safe.,"For health and wellness products, explain only general wellness support based on official product data. Do not say cure, treat, prevent disease, replace medicine, or guarantee health results.","distributor,employee,admin",Safety guardrail for health product queries.,This may support general wellness as per product information.,This cures diabetes/asthma/cancer or replaces medicine.,https://www.dayjoy.in/about-direct-selling-company,mentor_compliance_rule_needs_company_legal_review
DT010,Customer Conversation,Four-step customer conversation,Give distributors a repeatable ethical script.,"Use this flow: 1) Ask need, 2) Identify category, 3) Explain relevant product information from official data, 4) Share usage/safety note and suggest checking official label or support.","distributor,employee,admin",Create scripts for customer discussion.,"Based on your requirement, this category may be relevant. Please check product label and official guidance.",Do not diagnose or force the product.,https://www.dayjoy.in/Blog/BlogDetails/7-Tips-to-Overcome-Fears-about-Marketing-and-sharing-your-direct-sales-business-with-others/85,mentor_created_from_public_training_theme
DT011,Personal Branding,Distributor personal brand,Help distributors build trust without hype.,"Dayjoy public material connects direct selling with personal branding. Distributors should present themselves as helpful, knowledgeable and consistent, not as people making exaggerated promises.","distributor,admin",Generate personal branding guidance.,"Build trust by educating people, using products responsibly, and sharing approved information.","Do not fake success, fake testimonials, or overstate income.",https://www.dayjoy.in/Downloads,public_data_needs_company_verification
DT012,Daily Routine,Daily distributor activity,Create practical execution routine for distributors.,"A simple daily routine can include product learning, 3-5 genuine conversations, 2 follow-ups, one training video/article, customer feedback collection, and updating prospect notes.","distributor,admin",Generate daily plan and reminders.,"Focus on learning, ethical conversations and consistent follow-up.",Do not encourage spam messaging or fake urgency.,https://www.dayjoy.in/Blog/BlogDetails/7-Tips-to-Overcome-Fears-about-Marketing-and-sharing-your-direct-sales-business-with-others/85,mentor_created_from_public_training_theme
DT013,Prospecting,Warm market prospecting,Help distributors approach known contacts politely.,"For warm market prospecting, start with people who already know you. Ask permission to share product information. Keep the message short, specific, and respectful.","distributor,admin",Generate first outreach messages.,"Hi, I am learning about Dayjoy products. May I share something that might be useful for your requirement?",Do not repeatedly message someone who is not interested.,https://www.dayjoy.in/Blog/BlogDetails/7-Tips-to-Overcome-Fears-about-Marketing-and-sharing-your-direct-sales-business-with-others/85,mentor_created_from_public_training_theme
DT014,Follow-up,Customer follow-up method,Make follow-up professional and non-pushy.,"Follow up by asking whether the customer reviewed the information, whether they have questions, and whether they want official product details. Keep follow-up helpful, not forceful.","distributor,admin",Create follow-up message templates.,Just checking if you had any questions about the Dayjoy product information I shared.,Do not pressure the customer with fear-based statements.,https://www.dayjoy.in/Blog/BlogDetails/7-Tips-to-Overcome-Fears-about-Marketing-and-sharing-your-direct-sales-business-with-others/85,mentor_created_from_public_training_theme
DT015,Objection Handling,Customer says product is costly,Teach value-based response.,"When a customer says the product is costly, acknowledge their concern and explain value through quality, category fit, usage, and official product information. Do not argue.","distributor,admin",Generate objection handling response.,I understand. Let me explain what this product is meant for and you can decide if it fits your need and budget.,Do not insult the customer or force purchase.,https://www.dayjoy.in/Downloads,mentor_created_from_public_training_theme
DT016,Objection Handling,Customer asks if product works,Avoid guaranteed result claims.,"Explain that product experience may vary. Share official benefits, usage directions, and safety note. Encourage checking label and consulting a qualified professional for health-related concerns.","distributor,admin",Answer result/guarantee questions.,Product experience can vary. I can share official product information so you can make an informed decision.,This will definitely work for everyone.,https://www.dayjoy.in/about-direct-selling-company,mentor_compliance_rule_needs_company_legal_review
DT017,Objection Handling,Customer says they need to ask family,Respect decision process.,Support the customer by offering a simple summary they can share with family. Do not rush them.,"distributor,admin",Generate polite reply.,"Sure, take your time. I can send a short product summary if that helps your discussion.",Do not create fake urgency or pressure.,https://www.dayjoy.in/Blog/BlogDetails/7-Tips-to-Overcome-Fears-about-Marketing-and-sharing-your-direct-sales-business-with-others/85,mentor_created_from_public_training_theme
DT018,Team Training,Training new distributors,Guide leaders to onboard new team members.,"New distributors should learn company basics, product categories, safety rules, ethical selling, daily routine, follow-up process, and how to use official Dayjoy resources.","distributor,employee,admin",Create onboarding checklist.,"Start with company overview, product categories, ethical communication, and daily actions.",Do not push new distributors into making unsafe claims.,https://www.dayjoy.in/Downloads,mentor_created_from_public_training_theme
DT019,Leadership,Community leadership,Align with Dayjoy's personal branding/community positioning.,"Leadership in direct selling should be based on consistency, education, responsibility, product knowledge, and supporting team members ethically.","distributor,admin",Leadership advice in distributor mode.,"Lead by learning first, sharing approved information, and supporting your team ethically.",Do not motivate through unrealistic income or rank promises.,https://www.dayjoy.in/Downloads,mentor_created_from_public_training_theme
DT020,Social Media,Professional social media use,Help distributors post safely.,"Use social media for education, product category awareness, customer stories only if truthful and approved, and general wellness/lifestyle content. Avoid medical claims, income screenshots, and false urgency.","distributor,admin",Generate compliant social post ideas.,Share product category education and invite people to ask questions.,Do not claim cures or guaranteed earnings in posts.,https://www.linkedin.com/company/dayjoy-private-limited,mentor_created_from_public_positioning
DT021,AI Usage,How distributors should use Dayjoy AI Assistant,Train users to use the app correctly.,"Use Dayjoy AI Assistant to understand products, prepare customer explanations, create follow-up messages, check safety wording, and learn training content. Verify final claims with official company material.","distributor,employee,admin",App onboarding content.,"Use AI as a support tool, not as a replacement for official company approval.",Do not treat AI output as legal/medical/financial guarantee.,https://www.dayjoy.in/Downloads,project_specific_training_needs_company_approval
DT022,Customer Support,When to escalate to company support,Protect users when AI does not have enough verified information.,"Escalate to official support when the question involves refund, policy, product complaint, medical concern, business plan details, rank dispute, or anything not present in the approved knowledge base.","distributor,employee,admin",Human handoff logic.,"For this, please check official Dayjoy support or verified company documents.",Do not guess policy or complaint resolution.,https://www.dayjoy.in/Contact,public_data_needs_company_verification
DT023,Product Explanation,Explain product without overclaiming,Standardize safe product communication.,"Use this format: product name, category, what it is generally used for, official benefits, usage according to label, safety note, and where to verify more information.","distributor,employee,admin",Product answer format.,This product is in the [category] category and is positioned for [general use case].,"Do not add unverified ingredients, benefits, or dosage.",https://www.dayjoy.in/about-direct-selling-company,mentor_compliance_rule_needs_company_legal_review
DT024,Business Explanation,Explain direct selling simply,Help distributors describe the model clearly.,Direct selling means products are shared through independent distributors who educate customers and help them purchase products. Explain this simply and avoid comparing it negatively with jobs or other businesses.,"distributor,employee,admin",Answer direct selling basics.,"Direct selling focuses on product education, customer relationships and consistent business activity.",Do not say everyone will become rich quickly.,https://www.linkedin.com/company/dayjoy-private-limited,public_data_needs_company_verification
DT025,Content Creation,Distributor content themes,Create safe content ideas.,"Suggested content themes: product category education, daily wellness habits, home care tips, agriculture care awareness, personal growth, ethical entrepreneurship, and customer Q&A.","distributor,admin",Generate social content templates.,Educational content builds trust and avoids overpromising.,Do not post disease-cure or income-guarantee claims.,https://www.dayjoy.in/Blog/BlogDetails/7-Tips-to-Overcome-Fears-about-Marketing-and-sharing-your-direct-sales-business-with-others/85,mentor_created_from_public_training_theme
DT026,AI Safety,Approved-data-only rule,Prevent hallucination in the AI app.,"If the knowledge base does not contain a product detail, the AI must say verified information is not available and suggest checking official Dayjoy resources.","employee,admin",Core RAG system rule.,I do not have verified Dayjoy information for that detail.,Do not invent product data to satisfy the user.,https://www.dayjoy.in/about-direct-selling-company,project_specific_training_needs_company_approval
DT027,Training Hub,Suggested AI training path,Organize app learning modules for new distributors.,"Training path: Dayjoy overview, product categories, safety rules, customer conversation, objection handling, follow-up, social media basics, business compliance, leadership basics.","distributor,employee,admin",Create training hub pages.,Complete training in order before using advanced sales scripts.,Do not skip compliance and safety training.,https://www.dayjoy.in/Downloads,mentor_created_from_public_training_theme
DT028,Demo Script,How to demo Dayjoy AI Assistant,Help pitch the app to Dayjoy management.,"Demo these flows: customer product query, problem-to-category suggestion, distributor objection handling, unsafe medical query refusal, income guarantee refusal, and analytics dashboard.",admin,Pitch demo checklist.,"This AI reduces repeated questions, improves training and keeps communication safer.",Do not claim it replaces official staff or legal review.,https://www.dayjoy.in/,project_specific_training_needs_company_approval
DT029,Support Channel,Use official contact/support for unresolved issues,Connect AI to human escalation.,"For unresolved questions, the app should show official support or nearest franchise/contact path rather than guessing.","customer,distributor,employee,admin",Human handoff button logic.,Please contact official Dayjoy support for the latest verified answer.,Do not provide unofficial contact claims.,https://www.dayjoy.in/Contact,public_data_needs_company_verification
DT030,Data Governance,Company approval before final selling,Prepare project for company adoption.,"All public-data-based training rows should be reviewed by Dayjoy management before production use. Mark each row as approved, rejected, or needs edit.",admin,Admin approval workflow.,This row needs company verification before production.,Do not label public/demo data as official final approval.,https://www.dayjoy.in/,project_specific_training_needs_company_approval
