template_id,platform,content_type,target_role,goal,category,title,hook,body_template,cta,hashtags,compliance_note,source_basis,approval_status
SCT001,Instagram/Facebook,Educational Post,Distributor,Product education,Health Care,General wellness product intro,Confused about which wellness product to explain first?,"Introduce the Dayjoy product category in simple words: what it is, who may find it useful for general wellness, and why customers should read the official product label before use.",Ask me for official Dayjoy product details before choosing.,#Dayjoy #Wellness #HealthAndWellness #DirectSelling,"Do not claim cure, treatment, prevention, or guaranteed results. Use only approved product data.",Dayjoy official site: wellness/lifestyle products and health category positioning,public_data_needs_company_verification
SCT002,Instagram Reel,Short Reel Script,Distributor,Brand awareness,Company,What is Dayjoy?,Dayjoy is not just products — it is a lifestyle and direct-selling ecosystem.,"30-sec reel: 1) Start with Dayjoy as a wellness and lifestyle brand. 2) Mention categories like health, beauty, home care, food, agriculture, and personal care. 3) End with ethical customer education.",Follow for simple Dayjoy product education.,#Dayjoy #DayjoyIndia #WellnessBrand #LifestyleProducts,Avoid saying 'official' unless approved by Dayjoy management. Avoid income promises.,Dayjoy official homepage and social profiles,public_data_needs_company_verification
SCT003,WhatsApp,Customer Follow-up Message,Distributor,Customer follow-up,Sales Support,Polite follow-up after product interest,"Hi [Name], just following up on your Dayjoy product query.","Hi [Name], I hope you are doing well. You asked about [product/category]. I can share the official product details, benefits, and safe usage information. Please check the product label and ask me any question before deciding.",Would you like the official details of this product?,#Dayjoy #CustomerSupport,Do not pressure the customer. Do not claim medical benefits beyond approved data.,Direct-selling ethical communication based on Dayjoy training/business context,public_data_needs_company_verification
SCT004,WhatsApp,Objection Reply,Distributor,Objection handling,Price,When customer says product is costly,I understand price matters.,"I understand your concern. Dayjoy products should be understood based on quality, usage, and whether the product fits your need. You can compare the product details and decide comfortably. No pressure.",Would you like me to share the product details and usage information?,#Dayjoy,No pressure selling. No exaggerated quality claims unless verified.,Dayjoy direct-selling positioning and ethical sales best practices,public_data_needs_company_verification
SCT005,Instagram/Facebook,Carousel Post,Distributor,Product category education,Beauty/Personal Care,Beauty & personal care category post,Simple care starts with understanding your product.,"Slide 1: Dayjoy Beauty/Personal Care. Slide 2: Who may explore this category. Slide 3: What to check before buying: skin type, usage, label, ingredients. Slide 4: Ask for official product details.",DM for product category information.,#Dayjoy #PersonalCare #BeautyCare #WellnessLifestyle,No before-after transformation claims unless officially approved. Avoid body-shaming or unrealistic beauty claims.,Dayjoy public category listing and Instagram product/lifestyle content,public_data_needs_company_verification
SCT006,Instagram/Facebook,Carousel Post,Distributor,Product category education,Agriculture,Agriculture product education,Crops also need informed care.,Slide 1: Dayjoy Agriculture & Veterinary category. Slide 2: Understand the crop/soil issue first. Slide 3: Use only according to official product instructions. Slide 4: Ask for product-specific guidance.,Share your crop/product question.,#Dayjoy #Agriculture #FarmingSupport #AgriProducts,Do not promise yield increase or guaranteed farm results. Use official instructions only.,Dayjoy category pages and product/training public references,public_data_needs_company_verification
SCT007,YouTube Shorts/Reel,Short Script,Distributor,Training,Distributor Training,How to explain products ethically,A good distributor educates first and sells second.,"Script: 1) Ask the customer need. 2) Share only official product information. 3) Explain usage and safety. 4) Never promise cure, income, or guaranteed results.",Save this for your next customer conversation.,#Dayjoy #DistributorTraining #EthicalSelling #DirectSelling,"No medical claims, no income guarantees, no pressure tactics.",Dayjoy downloads/training ecosystem and compliance pages,public_data_needs_company_verification
SCT008,WhatsApp,Lead Capture Message,Distributor,Lead generation,Customer Support,Collect customer need safely,"To guide you properly, I need to understand your requirement.","Hi [Name], please tell me which category you are interested in: Health Care, Personal Care, Skin Care, Home Care, Food Products, or Agriculture. I will share general product information from Dayjoy data.",Reply with your category.,#Dayjoy,Do not collect sensitive medical details. Keep it general.,Dayjoy product categories on official shop pages,public_data_needs_company_verification
SCT009,Instagram/Facebook,Trust Post,Distributor,Trust building,Company,Why verified product information matters,"In wellness, correct information builds trust.","Always check product details from Dayjoy official sources. A responsible distributor explains benefits, usage, and safety notes without overclaiming.",Ask for verified product information.,#Dayjoy #TrustedInformation #WellnessEducation,Avoid stating unverified certifications or claims. Mention only approved facts.,Dayjoy official website/policy/download pages,public_data_needs_company_verification
SCT010,Instagram/Facebook,Event/Community Post,Distributor,Community building,Brand,Dayjoy community post,"Growth happens with learning, discipline, and teamwork.","Dayjoy’s direct-selling ecosystem encourages product learning, ethical communication, and personal growth. Use training, product education, and consistent follow-up to serve customers better.",Stay connected for training updates.,#Dayjoy #DayjoyPariwar #DirectSelling #Leadership,No guaranteed income or rank promise. Keep motivational content realistic.,"Dayjoy public website, social pages, and training/download ecosystem",public_data_needs_company_verification
SCT011,WhatsApp,Medical Safety Reply,Distributor,Compliance,Health Safety,When customer asks cure/treatment question,I cannot guide you on treatment or cure.,"Dayjoy products are for general wellness/product use as per official information. For any disease, treatment, medicine, or dosage concern, please consult a qualified healthcare professional.",I can share general product details if you want.,#Dayjoy #Wellness,Mandatory response for medical/cure claims.,Dayjoy wellness positioning; safety compliance requirement,public_data_needs_company_verification
SCT012,WhatsApp,Income Disclaimer Reply,Distributor,Compliance,Business Opportunity,When prospect asks guaranteed income,There is no guaranteed income in direct selling.,"Income depends on product sales, effort, customer service, learning, and compliance. I can explain Dayjoy’s business model generally, but I cannot promise fixed earnings.",Would you like to understand the business model responsibly?,#Dayjoy #DirectSelling,Mandatory response for income guarantee questions.,Dayjoy direct-selling and income disclaimer/public compliance context,public_data_needs_company_verification
SCT013,Instagram/Facebook,Home Care Category Post,Distributor,Product category education,Home Care,Home care awareness post,A cleaner home starts with informed product choices.,"Introduce Dayjoy Home Care category in simple words. Explain that users should check product label, usage instructions, and safety precautions before using any home care product.",Ask for product-wise details.,#Dayjoy #HomeCare #LifestyleProducts,Avoid chemical/safety claims unless officially approved.,Dayjoy official category listing includes Home Care,public_data_needs_company_verification
SCT014,Instagram/Facebook,Food Products Category Post,Distributor,Product category education,Food Products,Food category awareness,Daily choices become better when we understand what we consume.,"Introduce Dayjoy Food Products category. Mention that customers should check ingredients, label, storage, and usage guidance before buying.",Ask for product details.,#Dayjoy #FoodProducts #Lifestyle,Do not claim disease benefits from food products unless approved.,Dayjoy official category listing includes Food Products,public_data_needs_company_verification
SCT015,Instagram/Facebook,New Distributor Post,Distributor,Onboarding,Training,New distributor learning checklist,"New to Dayjoy? Start with learning, not selling.",Checklist: 1) Learn company profile. 2) Learn product categories. 3) Understand safety rules. 4) Practice simple explanations. 5) Follow up respectfully.,Save this checklist.,#Dayjoy #NewDistributor #Training #DirectSelling,No income guarantee or unrealistic business promise.,Dayjoy business/training/download ecosystem,public_data_needs_company_verification
SCT016,WhatsApp,Product Details Request,Distributor,Product education,Customer Support,Ask customer before suggesting product,"To suggest the right category, I need your general requirement.","Please share your general need: health wellness, skin care, personal care, home care, food product, or agriculture. I will share Dayjoy category/product information based on official data.",Reply with your category.,#Dayjoy,Do not ask for detailed medical history or sensitive personal data.,Dayjoy categories and compliance-safe product guidance,public_data_needs_company_verification
SCT017,Instagram/Facebook,AI Assistant Launch Post,Admin/Company,Product launch,Dayjoy GPT,Dayjoy AI Assistant launch teaser,"Dayjoy knowledge, now easier to access.","Dayjoy AI Assistant helps users explore product categories, FAQs, distributor training, and safe product information from approved Dayjoy knowledge.",Try the assistant/demo.,#DayjoyAI #Dayjoy #AIForBusiness #DigitalTransformation,Use only after company approval. Avoid calling it official until approved.,Project concept based on company GPT/enterprise assistant use case,draft_needs_company_approval
SCT018,LinkedIn,Professional Post,Company/Admin,B2B credibility,AI Transformation,Company GPT positioning post,"A private company GPT can make product knowledge faster, safer, and more consistent.","Dayjoy AI Assistant is designed to centralize product knowledge, distributor training, FAQs, compliance rules, and customer support into one AI-powered assistant.",Connect to discuss the demo.,#AI #EnterpriseAI #DirectSelling #KnowledgeManagement,Do not disclose internal data publicly. Avoid official claims before approval.,Enterprise GPT best practices applied to Dayjoy use case,draft_needs_company_approval
SCT019,Instagram/Facebook,Customer Education Post,Distributor,Customer awareness,Safe Usage,Read the label first,Smart customers read product labels.,"Before using any product, check the official product label, usage instructions, ingredients, and safety notes. Ask an authorized distributor for verified information.",Ask for official product details.,#Dayjoy #SmartCustomer #ProductEducation,Do not replace professional advice or official label instructions.,General product safety and Dayjoy product education need,public_data_needs_company_verification
SCT020,WhatsApp,Hinglish Follow-up,Distributor,Customer follow-up,Hinglish,Hinglish customer follow-up,"Hi [Name], aapka Dayjoy product query follow up kar raha hoon.","Aapne [category/product] ke baare mein poocha tha. Main aapko official product details, benefits aur usage bata sakta hoon. Medical concern ho to doctor se consult karna best rahega.",Kya main details share karun?,#Dayjoy,Keep Hinglish simple and compliant. No cure/income claims.,India-focused multilingual distributor communication need,public_data_needs_company_verification
SCT021,Instagram/Facebook,Motivational Post,Distributor,Consistency,Mindset,Consistency post,Small daily actions build long-term trust.,"Learn one product, speak to one customer, follow up respectfully, and improve your explanation daily. Ethical consistency matters more than pressure selling.",Save and follow this routine.,#Dayjoy #Consistency #DistributorMindset,Motivation must not include income guarantee or rank promise.,Dayjoy direct-selling/training culture and public blog themes,public_data_needs_company_verification
SCT022,WhatsApp,Support Handoff,All Roles,Human support,Support,When AI/user needs human help,This query may need official support.,"For official confirmation, please contact Dayjoy support through the official website/contact channels. I can share general information, but final confirmation should come from authorized Dayjoy support.",Would you like official contact details?,#DayjoySupport,"Use when information is missing, policy-related, complaint-related, or sensitive.",Dayjoy contact page and support channels,public_data_needs_company_verification
SCT023,Instagram/Facebook,FAQ Post,Distributor,FAQ education,Company FAQ,Common question: Are Dayjoy products medicines?,Dayjoy products should be explained responsibly.,"Dayjoy product information should be shared as per approved product details. For any disease, treatment, or medicine question, users should consult a qualified professional.",Ask for safe product information.,#Dayjoy #FAQ #WellnessEducation,Do not give medical advice. Do not call products medicine unless officially classified.,Compliance-safe FAQ requirement for wellness products,public_data_needs_company_verification
SCT024,Instagram/Facebook,Product Comparison Template,Distributor,Product education,Comparison,Compare two Dayjoy products,Choosing between two products? Compare responsibly.,"Compare [Product A] and [Product B] by category, intended use, benefits, usage instructions, and safety notes. Do not say one is best for everyone.",Share the product names you want to compare.,#Dayjoy #ProductComparison,Avoid superiority claims unless official data supports it.,AI product discovery and comparison feature design,draft_needs_company_approval
SCT025,YouTube/Reel,Training Script,Distributor,Product explanation,Communication,3-step product explanation method,Use this simple method: Need → Product → Safety.,Step 1: Understand customer need. Step 2: Share Dayjoy product/category info. Step 3: Explain label usage and safety note. This keeps your conversation professional.,Practice this before your next call.,#Dayjoy #SalesTraining #ProductEducation,"No treatment claims, no guaranteed results.",Direct-selling training best practices aligned with Dayjoy context,public_data_needs_company_verification
